index,timestamp,message
0,2025-06-05T13:36:02.619998,S
1,2025-06-05T13:36:07.784781,S
2,2025-06-05T13:36:12.620142,S
3,2025-06-05T13:36:17.619950,S
4,2025-06-05T13:36:22.619949,S
5,2025-06-05T13:36:27.620189,S
6,2025-06-05T13:36:32.619927,S
7,2025-06-05T13:36:37.619912,S
8,2025-06-05T13:36:42.619916,S
9,2025-06-05T13:36:47.619903,S
10,2025-06-05T13:36:52.619920,S
11,2025-06-05T13:36:57.619927,S
12,2025-06-05T13:37:02.619916,S
13,2025-06-05T13:37:07.619923,S
14,2025-06-05T13:37:12.619924,S
15,2025-06-05T13:37:17.619913,S
16,2025-06-05T13:37:22.619918,S
17,2025-06-05T13:37:27.619967,S
18,2025-06-05T13:37:32.619922,S
19,2025-06-05T13:37:37.619918,S
20,2025-06-05T13:37:42.619931,S
21,2025-06-05T13:37:47.620001,S
22,2025-06-05T13:37:52.619924,S
23,2025-06-05T13:37:57.619912,S
24,2025-06-05T13:38:02.619918,S
25,2025-06-05T13:38:07.619918,S
26,2025-06-05T13:38:12.619922,S
27,2025-06-05T13:38:17.619906,S
28,2025-06-05T13:38:22.619924,S
29,2025-06-05T13:38:27.619913,S
30,2025-06-05T13:38:32.619914,S
31,2025-06-05T13:38:37.619933,S
32,2025-06-05T13:38:42.619930,S
33,2025-06-05T13:38:47.619910,S
34,2025-06-05T13:38:52.620020,S
35,2025-06-05T13:38:57.620006,S
36,2025-06-05T13:39:02.619917,S
37,2025-06-05T13:39:07.619925,S
38,2025-06-05T13:39:12.619911,S
39,2025-06-05T13:39:17.619963,S
40,2025-06-05T13:39:22.619923,S
41,2025-06-05T13:39:27.619924,S
42,2025-06-05T13:39:32.619940,S
43,2025-06-05T13:39:37.619933,S
44,2025-06-05T13:39:42.619921,S
45,2025-06-05T13:39:47.619919,S
46,2025-06-05T13:39:52.619917,S
47,2025-06-05T13:39:57.619961,S
48,2025-06-05T13:40:02.619918,S
49,2025-06-05T13:40:07.619918,S
50,2025-06-05T13:40:12.619923,S
51,2025-06-05T13:40:17.619937,S
52,2025-06-05T13:40:22.619928,S
53,2025-06-05T13:40:27.619920,S
54,2025-06-05T13:40:32.619921,S
55,2025-06-05T13:40:37.619969,S
56,2025-06-05T13:40:42.619943,S
57,2025-06-05T13:40:47.619972,S
58,2025-06-05T13:40:52.619921,S
59,2025-06-05T13:40:57.619926,S
60,2025-06-05T13:41:02.619914,S
61,2025-06-05T13:41:07.619922,S
62,2025-06-05T13:41:12.619923,S
63,2025-06-05T13:41:17.619924,S
64,2025-06-05T13:41:22.619918,S
65,2025-06-05T13:41:27.619929,S
66,2025-06-05T13:41:32.619925,S
67,2025-06-05T13:41:37.619925,S
68,2025-06-05T13:41:42.619944,S
69,2025-06-05T13:41:47.619918,S
70,2025-06-05T13:41:52.619927,S
71,2025-06-05T13:41:57.619934,S
72,2025-06-05T13:42:02.619921,S
73,2025-06-05T13:42:07.619917,S
74,2025-06-05T13:42:12.619922,S
75,2025-06-05T13:42:17.619918,S
76,2025-06-05T13:42:22.619911,S
77,2025-06-05T13:42:27.619922,S
78,2025-06-05T13:42:32.619924,S
79,2025-06-05T13:42:37.619924,S
80,2025-06-05T13:42:42.619957,S
81,2025-06-05T13:42:47.619946,S
82,2025-06-05T13:42:52.619979,S
83,2025-06-05T13:42:57.619944,S
84,2025-06-05T13:43:02.619935,S
85,2025-06-05T13:43:07.619932,S
86,2025-06-05T13:43:12.620166,S
87,2025-06-05T13:43:17.619932,S
88,2025-06-05T13:43:22.619938,S
89,2025-06-05T13:43:27.619937,S
90,2025-06-05T13:43:32.619931,S
91,2025-06-05T13:43:37.619935,S
92,2025-06-05T13:43:42.619944,S
93,2025-06-05T13:43:47.619936,S
94,2025-06-05T13:43:56.357686,S
95,2025-06-05T13:44:00.310203,S
96,2025-06-05T13:44:04.184084,S
97,2025-06-05T13:44:08.219774,S
98,2025-06-05T13:44:12.619953,S
99,2025-06-05T13:44:17.619950,S
100,2025-06-05T13:44:22.619934,S
101,2025-06-05T13:44:27.619928,S
102,2025-06-05T13:44:35.173630,S
103,2025-06-05T13:44:38.912723,S
104,2025-06-05T13:44:42.689612,S
105,2025-06-05T13:44:50.168705,S
106,2025-06-05T13:44:53.884382,S
107,2025-06-05T13:45:01.337648,S
108,2025-06-05T13:45:05.021497,S
109,2025-06-05T13:45:08.885836,S
110,2025-06-05T13:45:12.745197,S
111,2025-06-05T13:45:17.619939,S
112,2025-06-05T13:45:22.619927,S
113,2025-06-05T13:45:27.619932,S
114,2025-06-05T13:45:32.619932,S
115,2025-06-05T13:45:37.619953,S
116,2025-06-05T13:45:45.314352,S
117,2025-06-05T13:45:49.190114,S
118,2025-06-05T13:45:53.007986,S
119,2025-06-05T13:46:00.617661,S
120,2025-06-05T13:46:04.454353,S
121,2025-06-05T13:46:08.320889,S
122,2025-06-05T13:46:16.000345,S
123,2025-06-05T13:46:19.779464,S
124,2025-06-05T13:46:23.579248,S
125,2025-06-05T13:46:31.307741,S
126,2025-06-05T13:46:35.135681,S
127,2025-06-05T13:46:39.107423,S
128,2025-06-05T13:46:42.969250,S
129,2025-06-05T13:46:50.720453,S
130,2025-06-05T13:46:54.545685,S
131,2025-06-05T13:46:58.479900,S
132,2025-06-05T13:47:06.236978,S
133,2025-06-05T13:47:10.140663,S
134,2025-06-05T13:47:14.039932,S
135,2025-06-05T13:47:17.991872,S
136,2025-06-05T13:47:25.850490,S
137,2025-06-05T13:47:29.771360,S
138,2025-06-05T13:47:33.704393,S
139,2025-06-05T13:47:37.622626,S
140,2025-06-05T13:47:45.447844,S
141,2025-06-05T13:47:49.364524,S
142,2025-06-05T13:47:53.261474,S
143,2025-06-05T13:47:57.619921,S
144,2025-06-05T13:48:02.619928,S
145,2025-06-05T13:48:07.619913,S
146,2025-06-05T13:48:12.619905,S
147,2025-06-05T13:48:17.619927,S
148,2025-06-05T13:48:22.619911,S
149,2025-06-05T13:48:27.619926,S
150,2025-06-05T13:48:32.619930,S
151,2025-06-05T13:48:37.619930,S
152,2025-06-05T13:48:42.619931,S
153,2025-06-05T13:48:47.619932,S
154,2025-06-05T13:48:52.619942,S
155,2025-06-05T13:48:57.619934,S
156,2025-06-05T13:49:02.619938,S
157,2025-06-05T13:49:07.619937,S
158,2025-06-05T13:49:12.619934,S
159,2025-06-05T13:49:17.619926,S
160,2025-06-05T13:49:25.482304,S
161,2025-06-05T13:49:29.444846,S
162,2025-06-05T13:49:33.385992,S
163,2025-06-05T13:49:37.619950,S
164,2025-06-05T13:49:42.619913,S
165,2025-06-05T13:49:47.619948,S
166,2025-06-05T13:49:52.619930,S
167,2025-06-05T13:49:57.619941,S
168,2025-06-05T13:50:02.619936,S
169,2025-06-05T13:50:07.619950,S
170,2025-06-05T13:50:12.619921,S
171,2025-06-05T13:50:17.619938,S
172,2025-06-05T13:50:22.619935,S
173,2025-06-05T13:50:27.619932,S
174,2025-06-05T13:50:32.619936,S
175,2025-06-05T13:50:37.619934,S
176,2025-06-05T13:50:45.157952,S
177,2025-06-05T13:50:48.889944,S
178,2025-06-05T13:50:56.307838,S
179,2025-06-05T13:51:00.024803,S
